{
  "N": 1639.0,
  "epsilon": 0.95,
  "B_p": 7.500000000000001,
  "B_f": 120.0,
  "mu": 90.5,
  "sigma": 3.0,
  "alphaL": 1.0000000000000002,
  "nL": 0.17825452328735344,
  "alphaR": 1.0000000000000002,
  "nR": 5.0,
  "beta_pass": 0.1370549421332996,
  "beta_fail": 0.03947742592575244,
  "gamma_pass": 0.21836719387177855,
  "gamma_fail": 0.09999999999999999,
  "loc_pass": 90.0,
  "loc_fail": 90.0
}